identifier,kind,length,pseudo_log_likelihood
12QB_3,real,19,-2.824238
1A3J_1,real,9,-0.223454
1A3E_3,real,18,-2.706654
1A38_2,real,20,-3.161025
1A37_2,real,15,-3.027935
1A2C_3,real,12,-2.517681
1A1R_2,real,23,-2.707161
1A1O_3,real,9,-3.263652
1A1N_3,real,8,-3.258042
1A1M_3,real,9,-3.198574
1A0N_1,real,14,-2.674223
12ZJ_2,real,13,-2.938522
12QA_3,real,15,-2.970297
12LP_3,real,9,-3.226406
11SJ_2,real,15,-2.994002
11MH_3,real,16,-3.333571
10TC_2,real,8,-3.144947
10PX_52,real,27,-2.350058
10LG_2,real,17,-3.035171
1ABI_3,real,20,-2.466152
1ABO_2,real,10,-2.276238
1AD8_3,real,10,-2.420366
1AI8_3,real,12,-2.473950
1APM_2,real,20,-2.961800
1APH_2,real,30,-3.071559
1APH_1,real,21,-3.122146
1AOU_2,real,11,-3.142950
1AO7_3,real,9,-2.995685
1AKJ_3,real,9,-3.167964
1AIY_2,real,30,-3.061271
1AIY_1,real,21,-3.083199
1AI1_3,real,24,-3.077818
1AGF_3,real,8,-2.880771
1AGE_3,real,8,-2.802645
1AGD_3,real,8,-2.752796
1AGC_3,real,8,-2.886917
1AGB_3,real,8,-2.875145
1AFQ_1,real,13,-2.941921
1ABT_2,real,12,-3.422050
1A9E_3,real,9,-2.918642
1A81_2,real,18,-3.085169
1A7F_2,real,29,-2.994463
1A6A_3,real,15,-3.093673
1AYA_2,real,11,-3.120876
1AYB_2,real,12,-2.988144
1AYC_2,real,11,-3.144482
1B0G_3,real,9,-3.016929
1B07_2,real,12,-2.776365
1AZE_2,real,10,-1.894781
1AXC_2,real,22,-2.912919
1AWI_2,real,10,-0.087251
1AW8_1,real,24,-2.889521
1AVP_2,real,11,-3.021689
1AVF_1,real,26,-2.527750
1AR8_1,real,8,-1.723810
1AQD_3,real,15,-3.143377
1AQC_2,real,10,-3.206787
1BHX_1,real,30,-2.881020
1BCU_3,real,12,-2.470281
1BCK_2,real,11,-2.603821
1B9E_2,real,30,-3.077045
1B8H_2,real,11,-2.707955
1C9I_2,real,9,-2.766782
1C5Z_1,real,23,-3.039501
1C5O_3,real,11,-2.473711
1C5F_2,real,11,-2.402640
1C4Y_3,real,13,-2.848216
1C4V_3,real,15,-2.924927
1C4U_3,real,14,-3.026249
1BZV_2,real,26,-3.028029
1BZ9_3,real,9,-3.247721
1BXP_2,real,13,-2.813451
1BXL_2,real,16,-2.957848
1BX2_3,real,15,-2.988668
1BSX_2,real,13,-2.943843
1BR8_2,real,12,-2.572454
1BQH_3,real,8,-3.167662
1BON_2,real,28,-2.912983
1BON_1,real,20,-2.989156
1BOG_3,real,11,-2.949554
1BMB_2,real,9,-3.169644
1BJR_2,real,10,-2.425579
1BII_3,real,10,-3.047357
1BI6_1,real,11,-3.114165
1CWH_2,real,11,-2.571022
1CWF_2,real,11,-2.458669
1CWD_2,real,9,-2.832618
1CVU_2,real,9,-2.949196
1CU4_3,real,10,-3.413895
1CQH_2,real,13,-3.212142
1CQ4_2,real,24,-2.987150
1CN3_2,real,29,-2.204362
1CMK_2,real,22,-2.911053
1CMI_2,real,13,-3.104147
1CM4_2,real,25,-2.943383
1CKK_2,real,26,-2.957601
1CKB_2,real,10,-1.678965
1CKA_2,real,10,-2.307234
1CJR_1,real,15,-3.158958
1CJF_2,real,15,-0.043306
1CFS_3,real,11,-3.207506
1CFN_3,real,10,-2.991123
1CFF_2,real,20,-3.000171
1CF0_2,real,9,-0.892064
1CE6_3,real,9,-3.162793
1CE1_3,real,8,-2.817754
1CDL_2,real,20,-2.971364
1CA9_2,real,10,-3.180237
1C9L_2,real,8,-3.104986
1D8D_3,real,11,-2.634242
1DKD_2,real,12,-3.244498
1DEI_2,real,23,-3.023334
1DDM_2,real,11,-3.018924
1D9K_5,real,16,-3.060633
1D7Q_1,real,14,-2.113495
1D5H_1,real,15,-2.968272
1D5G_2,real,15,-2.899899
1D5E_1,real,15,-2.862617
1D5D_1,real,15,-2.910635
1D4W_2,real,11,-3.117695
1D3D_1,real,28,-2.861330
1CYN_2,real,11,-2.593022
1CWO_2,real,11,-2.548911
1CWM_2,real,11,-2.514439
1CWI_2,real,11,-2.365214
1DLH_3,real,13,-3.057314
1DS5_2,real,23,-3.110679
1EFX_3,real,9,-2.704164
1EJ4_2,real,14,-3.154361
1EGP_2,real,25,-3.040443
1EG4_1,real,15,-2.797405
1EEZ_3,real,9,-2.479492
1EEY_3,real,9,-2.700171
1EE5_2,real,19,-2.307660
1EE4_2,real,9,-2.450414
1ED3_3,real,13,-2.880753
1EBP_2,real,20,-3.112811
1EB1_3,real,27,-2.800654
1EB1_1,real,10,-2.636465
1EAK_2,real,8,-1.947015
1E91_2,real,13,-2.830067
1E6I_2,real,15,-2.939984
1E54_2,real,8,-3.382868
1E28_3,real,8,-3.035415
1E27_3,real,9,-2.987335
1DY9_2,real,16,-2.829727
1DUY_3,real,8,-3.066273
1DT7_2,real,22,-2.968648
1DPU_2,real,16,-2.683393
1F58_3,real,23,-3.024596
1FG2_3,real,9,-3.356916
1FFP_3,real,9,-3.288010
1FFO_3,real,9,-3.238939
1FFN_3,real,9,-3.301554
1FF1_2,real,11,-2.739639
1FEV_1,real,15,-3.032595
1FBV_2,real,9,-3.078408
1F96_2,real,18,-2.857494
1F95_2,real,9,-2.736177
1F90_3,real,9,-2.638171
1F8H_2,real,11,-2.734021
1F7A_2,real,10,-2.963207
1F4V_2,real,16,-2.113408
1F47_2,real,17,-2.845539
1F3R_1,real,10,-3.099236
1F3J_3,real,14,-3.165787
1F2S_2,real,28,-2.437573
1ER8_2,real,8,-3.052669
1EPM_2,real,8,-3.061672
1EMU_2,real,16,-2.986315
1ELW_2,real,8,-2.964642
1EKB_1,real,13,-3.030123
1EJY_1,real,16,-2.045705
1EJO_3,real,15,-2.963030
1EJH_2,real,16,-3.211457
1FLL_2,real,21,-2.900915
1G1H_2,real,13,-2.923707
1G1F_2,real,11,-3.049974
1G1E_1,real,16,-2.856484
1G0Y_2,real,21,-3.095128
1FYN_2,real,10,-2.296149
1FV1_3,real,20,-2.780283
1FU5_2,real,15,-2.905886
1FPT_1,real,18,-3.010592
1FPR_2,real,10,-3.020278
1FO0_3,real,8,-2.844491
1FM9_3,real,25,-2.785683
1FJG_22,real,26,-2.557481
1FIZ_2,real,23,-3.094733
1FIW_2,real,22,-3.052098
scr_12QB_3_0,scrambled,19,-2.889410
len_12QB_3_0,length_matched,19,-3.088762
cmp_12QB_3_0,composition_matched,19,-3.177288
scr_1A3J_1_0,scrambled,9,-1.630192
len_1A3J_1_0,length_matched,9,-3.423619
cmp_1A3J_1_0,composition_matched,9,-3.007376
scr_1A3E_3_0,scrambled,18,-2.987360
len_1A3E_3_0,length_matched,18,-2.717027
cmp_1A3E_3_0,composition_matched,18,-2.722053
scr_1A38_2_0,scrambled,20,-3.233415
len_1A38_2_0,length_matched,20,-3.046369
cmp_1A38_2_0,composition_matched,20,-2.916793
scr_1A37_2_0,scrambled,15,-3.135895
len_1A37_2_0,length_matched,15,-3.158772
cmp_1A37_2_0,composition_matched,15,-2.973784
scr_1A2C_3_0,scrambled,12,-2.685481
len_1A2C_3_0,length_matched,12,-2.814547
cmp_1A2C_3_0,composition_matched,12,-3.167817
scr_1A1R_2_0,scrambled,23,-2.714527
len_1A1R_2_0,length_matched,23,-3.094421
cmp_1A1R_2_0,composition_matched,23,-3.038534
scr_1A1O_3_0,scrambled,9,-3.293901
len_1A1O_3_0,length_matched,9,-3.144656
cmp_1A1O_3_0,composition_matched,9,-2.965628
scr_1A1N_3_0,scrambled,8,-2.571176
len_1A1N_3_0,length_matched,8,-2.642210
cmp_1A1N_3_0,composition_matched,8,-3.116153
scr_1A1M_3_0,scrambled,9,-3.330024
len_1A1M_3_0,length_matched,9,-3.098542
cmp_1A1M_3_0,composition_matched,9,-2.643972
scr_1A0N_1_0,scrambled,14,-2.649250
len_1A0N_1_0,length_matched,14,-3.078847
cmp_1A0N_1_0,composition_matched,14,-3.078867
scr_12ZJ_2_0,scrambled,13,-2.832298
len_12ZJ_2_0,length_matched,13,-3.016092
cmp_12ZJ_2_0,composition_matched,13,-2.985351
scr_12QA_3_0,scrambled,15,-3.072993
len_12QA_3_0,length_matched,15,-3.009323
cmp_12QA_3_0,composition_matched,15,-3.124257
scr_12LP_3_0,scrambled,9,-3.140866
len_12LP_3_0,length_matched,9,-2.776760
cmp_12LP_3_0,composition_matched,9,-3.048167
scr_11SJ_2_0,scrambled,15,-3.074166
len_11SJ_2_0,length_matched,15,-2.904813
cmp_11SJ_2_0,composition_matched,15,-2.929819
scr_11MH_3_0,scrambled,16,-3.390954
len_11MH_3_0,length_matched,16,-2.992460
cmp_11MH_3_0,composition_matched,16,-3.180636
scr_10TC_2_0,scrambled,8,-3.159185
len_10TC_2_0,length_matched,8,-3.287772
cmp_10TC_2_0,composition_matched,8,-2.904065
scr_10PX_52_0,scrambled,27,-2.792222
len_10PX_52_0,length_matched,27,-3.006991
cmp_10PX_52_0,composition_matched,27,-2.839469
scr_10LG_2_0,scrambled,17,-3.245449
len_10LG_2_0,length_matched,17,-2.928379
cmp_10LG_2_0,composition_matched,17,-3.044810
scr_1ABI_3_0,scrambled,20,-2.901167
len_1ABI_3_0,length_matched,20,-2.992668
cmp_1ABI_3_0,composition_matched,20,-3.119411
scr_1ABO_2_0,scrambled,10,-2.221895
len_1ABO_2_0,length_matched,10,-3.345166
cmp_1ABO_2_0,composition_matched,10,-3.126719
scr_1AD8_3_0,scrambled,10,-2.784747
len_1AD8_3_0,length_matched,10,-3.143986
cmp_1AD8_3_0,composition_matched,10,-3.369930
scr_1AI8_3_0,scrambled,12,-2.682996
len_1AI8_3_0,length_matched,12,-3.003970
cmp_1AI8_3_0,composition_matched,12,-3.077343
scr_1APM_2_0,scrambled,20,-3.065276
len_1APM_2_0,length_matched,20,-2.977446
cmp_1APM_2_0,composition_matched,20,-2.798727
scr_1APH_2_0,scrambled,30,-2.993225
len_1APH_2_0,length_matched,30,-2.989489
cmp_1APH_2_0,composition_matched,30,-2.880218
scr_1APH_1_0,scrambled,21,-3.221895
len_1APH_1_0,length_matched,21,-3.031702
cmp_1APH_1_0,composition_matched,21,-3.038604
scr_1AOU_2_0,scrambled,11,-3.048782
len_1AOU_2_0,length_matched,11,-3.137160
cmp_1AOU_2_0,composition_matched,11,-2.721076
scr_1AO7_3_0,scrambled,9,-2.962130
len_1AO7_3_0,length_matched,9,-2.705412
cmp_1AO7_3_0,composition_matched,9,-2.763912
scr_1AKJ_3_0,scrambled,9,-3.021096
len_1AKJ_3_0,length_matched,9,-3.149876
cmp_1AKJ_3_0,composition_matched,9,-3.184311
scr_1AIY_2_0,scrambled,30,-3.018977
len_1AIY_2_0,length_matched,30,-2.973346
cmp_1AIY_2_0,composition_matched,30,-2.979615
scr_1AIY_1_0,scrambled,21,-3.127718
len_1AIY_1_0,length_matched,21,-3.057549
cmp_1AIY_1_0,composition_matched,21,-3.203757
scr_1AI1_3_0,scrambled,24,-3.074466
len_1AI1_3_0,length_matched,24,-3.110439
cmp_1AI1_3_0,composition_matched,24,-3.055129
scr_1AGF_3_0,scrambled,8,-3.073422
len_1AGF_3_0,length_matched,8,-3.097407
cmp_1AGF_3_0,composition_matched,8,-3.421620
scr_1AGE_3_0,scrambled,8,-3.038581
len_1AGE_3_0,length_matched,8,-2.745074
cmp_1AGE_3_0,composition_matched,8,-2.963416
scr_1AGD_3_0,scrambled,8,-2.834801
len_1AGD_3_0,length_matched,8,-3.170584
cmp_1AGD_3_0,composition_matched,8,-3.332445
scr_1AGC_3_0,scrambled,8,-3.066641
len_1AGC_3_0,length_matched,8,-3.185630
cmp_1AGC_3_0,composition_matched,8,-2.749004
scr_1AGB_3_0,scrambled,8,-2.877224
len_1AGB_3_0,length_matched,8,-3.041111
cmp_1AGB_3_0,composition_matched,8,-3.294481
scr_1AFQ_1_0,scrambled,13,-2.978176
len_1AFQ_1_0,length_matched,13,-2.787869
cmp_1AFQ_1_0,composition_matched,13,-3.361675
scr_1ABT_2_0,scrambled,12,-3.442611
len_1ABT_2_0,length_matched,12,-2.922502
cmp_1ABT_2_0,composition_matched,12,-3.228335
scr_1A9E_3_0,scrambled,9,-3.017027
len_1A9E_3_0,length_matched,9,-3.173786
cmp_1A9E_3_0,composition_matched,9,-2.853813
scr_1A81_2_0,scrambled,18,-2.971773
len_1A81_2_0,length_matched,18,-2.916137
cmp_1A81_2_0,composition_matched,18,-3.162030
scr_1A7F_2_0,scrambled,29,-3.050249
len_1A7F_2_0,length_matched,29,-2.853648
cmp_1A7F_2_0,composition_matched,29,-2.938276
scr_1A6A_3_0,scrambled,15,-3.022749
len_1A6A_3_0,length_matched,15,-2.731236
cmp_1A6A_3_0,composition_matched,15,-3.026533
scr_1AYA_2_0,scrambled,11,-3.103957
len_1AYA_2_0,length_matched,11,-2.996007
cmp_1AYA_2_0,composition_matched,11,-2.965214
scr_1AYB_2_0,scrambled,12,-3.042410
len_1AYB_2_0,length_matched,12,-3.127959
cmp_1AYB_2_0,composition_matched,12,-2.751759
scr_1AYC_2_0,scrambled,11,-2.966423
len_1AYC_2_0,length_matched,11,-3.218345
cmp_1AYC_2_0,composition_matched,11,-2.939531
scr_1B0G_3_0,scrambled,9,-3.023943
len_1B0G_3_0,length_matched,9,-2.995835
cmp_1B0G_3_0,composition_matched,9,-3.400581
scr_1B07_2_0,scrambled,12,-2.932573
len_1B07_2_0,length_matched,12,-2.956379
cmp_1B07_2_0,composition_matched,12,-3.111995
scr_1AZE_2_0,scrambled,10,-2.252931
len_1AZE_2_0,length_matched,10,-3.261214
cmp_1AZE_2_0,composition_matched,10,-3.228648
scr_1AXC_2_0,scrambled,22,-2.745501
len_1AXC_2_0,length_matched,22,-3.004324
cmp_1AXC_2_0,composition_matched,22,-2.868838
scr_1AWI_2_0,scrambled,10,-0.087251
len_1AWI_2_0,length_matched,10,-2.977315
cmp_1AWI_2_0,composition_matched,10,-3.218329
scr_1AW8_1_0,scrambled,24,-3.062273
len_1AW8_1_0,length_matched,24,-2.870797
cmp_1AW8_1_0,composition_matched,24,-3.219549
scr_1AVP_2_0,scrambled,11,-3.004604
len_1AVP_2_0,length_matched,11,-2.759650
cmp_1AVP_2_0,composition_matched,11,-2.861355
scr_1AVF_1_0,scrambled,26,-2.898958
len_1AVF_1_0,length_matched,26,-3.101458
cmp_1AVF_1_0,composition_matched,26,-2.988263
scr_1AR8_1_0,scrambled,8,-2.073197
len_1AR8_1_0,length_matched,8,-3.242059
cmp_1AR8_1_0,composition_matched,8,-3.062148
scr_1AQD_3_0,scrambled,15,-3.171253
len_1AQD_3_0,length_matched,15,-3.025589
cmp_1AQD_3_0,composition_matched,15,-3.006901
scr_1AQC_2_0,scrambled,10,-3.128604
len_1AQC_2_0,length_matched,10,-3.506697
cmp_1AQC_2_0,composition_matched,10,-3.141958
scr_1BHX_1_0,scrambled,30,-2.853820
len_1BHX_1_0,length_matched,30,-3.110763
cmp_1BHX_1_0,composition_matched,30,-3.161690
scr_1BCU_3_0,scrambled,12,-3.049206
len_1BCU_3_0,length_matched,12,-3.077227
cmp_1BCU_3_0,composition_matched,12,-3.065494
scr_1BCK_2_0,scrambled,11,-2.544031
len_1BCK_2_0,length_matched,11,-2.959250
cmp_1BCK_2_0,composition_matched,11,-3.246243
scr_1B9E_2_0,scrambled,30,-3.039771
len_1B9E_2_0,length_matched,30,-2.971613
cmp_1B9E_2_0,composition_matched,30,-3.171368
scr_1B8H_2_0,scrambled,11,-3.089199
len_1B8H_2_0,length_matched,11,-2.936750
cmp_1B8H_2_0,composition_matched,11,-3.146525
scr_1C9I_2_0,scrambled,9,-2.778076
len_1C9I_2_0,length_matched,9,-3.209996
cmp_1C9I_2_0,composition_matched,9,-3.208903
scr_1C5Z_1_0,scrambled,23,-2.937604
len_1C5Z_1_0,length_matched,23,-2.987839
cmp_1C5Z_1_0,composition_matched,23,-2.982447
scr_1C5O_3_0,scrambled,11,-2.975769
len_1C5O_3_0,length_matched,11,-3.077641
cmp_1C5O_3_0,composition_matched,11,-3.103633
scr_1C5F_2_0,scrambled,11,-2.310805
len_1C5F_2_0,length_matched,11,-3.078928
cmp_1C5F_2_0,composition_matched,11,-2.750372
scr_1C4Y_3_0,scrambled,13,-2.953943
len_1C4Y_3_0,length_matched,13,-2.995828
cmp_1C4Y_3_0,composition_matched,13,-2.844913
scr_1C4V_3_0,scrambled,15,-3.003075
len_1C4V_3_0,length_matched,15,-2.953714
cmp_1C4V_3_0,composition_matched,15,-2.991742
scr_1C4U_3_0,scrambled,14,-3.070548
len_1C4U_3_0,length_matched,14,-3.091669
cmp_1C4U_3_0,composition_matched,14,-2.757368
scr_1BZV_2_0,scrambled,26,-3.043785
len_1BZV_2_0,length_matched,26,-2.946049
cmp_1BZV_2_0,composition_matched,26,-2.968544
scr_1BZ9_3_0,scrambled,9,-3.232086
len_1BZ9_3_0,length_matched,9,-3.044341
cmp_1BZ9_3_0,composition_matched,9,-3.171588
scr_1BXP_2_0,scrambled,13,-3.183416
len_1BXP_2_0,length_matched,13,-2.961685
cmp_1BXP_2_0,composition_matched,13,-2.663656
scr_1BXL_2_0,scrambled,16,-2.942715
len_1BXL_2_0,length_matched,16,-3.147778
cmp_1BXL_2_0,composition_matched,16,-3.071901
scr_1BX2_3_0,scrambled,15,-3.154330
len_1BX2_3_0,length_matched,15,-3.251570
cmp_1BX2_3_0,composition_matched,15,-3.250941
scr_1BSX_2_0,scrambled,13,-2.916284
len_1BSX_2_0,length_matched,13,-2.871838
cmp_1BSX_2_0,composition_matched,13,-2.987659
scr_1BR8_2_0,scrambled,12,-2.570500
len_1BR8_2_0,length_matched,12,-3.030835
cmp_1BR8_2_0,composition_matched,12,-3.207801
scr_1BQH_3_0,scrambled,8,-3.172107
len_1BQH_3_0,length_matched,8,-2.445002
cmp_1BQH_3_0,composition_matched,8,-3.427445
scr_1BON_2_0,scrambled,28,-3.066146
len_1BON_2_0,length_matched,28,-2.661068
cmp_1BON_2_0,composition_matched,28,-3.052394
scr_1BON_1_0,scrambled,20,-3.004729
len_1BON_1_0,length_matched,20,-3.034207
cmp_1BON_1_0,composition_matched,20,-3.128197
scr_1BOG_3_0,scrambled,11,-3.053508
len_1BOG_3_0,length_matched,11,-3.101589
cmp_1BOG_3_0,composition_matched,11,-3.004770
scr_1BMB_2_0,scrambled,9,-3.157831
len_1BMB_2_0,length_matched,9,-3.149917
cmp_1BMB_2_0,composition_matched,9,-2.769071
scr_1BJR_2_0,scrambled,10,-2.378643
len_1BJR_2_0,length_matched,10,-3.158768
cmp_1BJR_2_0,composition_matched,10,-3.078284
scr_1BII_3_0,scrambled,10,-3.017521
len_1BII_3_0,length_matched,10,-3.202945
cmp_1BII_3_0,composition_matched,10,-3.173137
scr_1BI6_1_0,scrambled,11,-3.087240
len_1BI6_1_0,length_matched,11,-2.919110
cmp_1BI6_1_0,composition_matched,11,-2.902236
scr_1CWH_2_0,scrambled,11,-2.402989
len_1CWH_2_0,length_matched,11,-3.060617
cmp_1CWH_2_0,composition_matched,11,-3.163379
scr_1CWF_2_0,scrambled,11,-2.456450
len_1CWF_2_0,length_matched,11,-3.019646
cmp_1CWF_2_0,composition_matched,11,-3.161100
scr_1CWD_2_0,scrambled,9,-2.712677
len_1CWD_2_0,length_matched,9,-3.077926
cmp_1CWD_2_0,composition_matched,9,-3.255661
scr_1CVU_2_0,scrambled,9,-2.968952
len_1CVU_2_0,length_matched,9,-3.123592
cmp_1CVU_2_0,composition_matched,9,-3.313186
scr_1CU4_3_0,scrambled,10,-2.867600
len_1CU4_3_0,length_matched,10,-2.919234
cmp_1CU4_3_0,composition_matched,10,-3.039398
scr_1CQH_2_0,scrambled,13,-3.226205
len_1CQH_2_0,length_matched,13,-3.005103
cmp_1CQH_2_0,composition_matched,13,-3.149651
scr_1CQ4_2_0,scrambled,24,-2.962034
len_1CQ4_2_0,length_matched,24,-2.996772
cmp_1CQ4_2_0,composition_matched,24,-3.082401
scr_1CN3_2_0,scrambled,29,-2.784110
len_1CN3_2_0,length_matched,29,-2.886684
cmp_1CN3_2_0,composition_matched,29,-2.951690
scr_1CMK_2_0,scrambled,22,-3.035257
len_1CMK_2_0,length_matched,22,-2.946492
cmp_1CMK_2_0,composition_matched,22,-3.072729
scr_1CMI_2_0,scrambled,13,-3.067584
len_1CMI_2_0,length_matched,13,-3.182790
cmp_1CMI_2_0,composition_matched,13,-2.993638
scr_1CM4_2_0,scrambled,25,-2.929792
len_1CM4_2_0,length_matched,25,-3.064789
cmp_1CM4_2_0,composition_matched,25,-2.905811
scr_1CKK_2_0,scrambled,26,-3.004634
len_1CKK_2_0,length_matched,26,-3.080846
cmp_1CKK_2_0,composition_matched,26,-2.933201
scr_1CKB_2_0,scrambled,10,-2.017908
len_1CKB_2_0,length_matched,10,-3.112347
cmp_1CKB_2_0,composition_matched,10,-3.024504
scr_1CKA_2_0,scrambled,10,-2.573566
len_1CKA_2_0,length_matched,10,-3.143394
cmp_1CKA_2_0,composition_matched,10,-2.807568
scr_1CJR_1_0,scrambled,15,-3.178610
len_1CJR_1_0,length_matched,15,-3.104184
cmp_1CJR_1_0,composition_matched,15,-3.336780
scr_1CJF_2_0,scrambled,15,-0.043306
len_1CJF_2_0,length_matched,15,-3.171400
cmp_1CJF_2_0,composition_matched,15,-3.111829
scr_1CFS_3_0,scrambled,11,-3.133779
len_1CFS_3_0,length_matched,11,-2.987091
cmp_1CFS_3_0,composition_matched,11,-3.247162
scr_1CFN_3_0,scrambled,10,-3.053961
len_1CFN_3_0,length_matched,10,-3.114898
cmp_1CFN_3_0,composition_matched,10,-3.188215
scr_1CFF_2_0,scrambled,20,-3.008485
len_1CFF_2_0,length_matched,20,-3.051931
cmp_1CFF_2_0,composition_matched,20,-3.055096
scr_1CF0_2_0,scrambled,9,-1.107839
len_1CF0_2_0,length_matched,9,-3.234462
cmp_1CF0_2_0,composition_matched,9,-3.136256
scr_1CE6_3_0,scrambled,9,-3.051458
len_1CE6_3_0,length_matched,9,-3.098656
cmp_1CE6_3_0,composition_matched,9,-3.238885
scr_1CE1_3_0,scrambled,8,-2.814925
len_1CE1_3_0,length_matched,8,-2.974219
cmp_1CE1_3_0,composition_matched,8,-3.013068
scr_1CDL_2_0,scrambled,20,-2.955603
len_1CDL_2_0,length_matched,20,-3.077360
cmp_1CDL_2_0,composition_matched,20,-3.081993
scr_1CA9_2_0,scrambled,10,-3.143458
len_1CA9_2_0,length_matched,10,-3.207463
cmp_1CA9_2_0,composition_matched,10,-2.997736
scr_1C9L_2_0,scrambled,8,-3.028450
len_1C9L_2_0,length_matched,8,-2.931180
cmp_1C9L_2_0,composition_matched,8,-2.892653
scr_1D8D_3_0,scrambled,11,-2.895941
len_1D8D_3_0,length_matched,11,-2.873731
cmp_1D8D_3_0,composition_matched,11,-3.057928
scr_1DKD_2_0,scrambled,12,-3.395081
len_1DKD_2_0,length_matched,12,-2.714692
cmp_1DKD_2_0,composition_matched,12,-3.271591
scr_1DEI_2_0,scrambled,23,-3.039636
len_1DEI_2_0,length_matched,23,-3.115696
cmp_1DEI_2_0,composition_matched,23,-2.791192
scr_1DDM_2_0,scrambled,11,-2.987799
len_1DDM_2_0,length_matched,11,-3.090316
cmp_1DDM_2_0,composition_matched,11,-3.098573
scr_1D9K_5_0,scrambled,16,-3.020397
len_1D9K_5_0,length_matched,16,-3.093801
cmp_1D9K_5_0,composition_matched,16,-3.194002
scr_1D7Q_1_0,scrambled,14,-3.095591
len_1D7Q_1_0,length_matched,14,-3.117723
cmp_1D7Q_1_0,composition_matched,14,-3.022338
scr_1D5H_1_0,scrambled,15,-2.673535
len_1D5H_1_0,length_matched,15,-2.942871
cmp_1D5H_1_0,composition_matched,15,-3.069442
scr_1D5G_2_0,scrambled,15,-2.943237
len_1D5G_2_0,length_matched,15,-2.916647
cmp_1D5G_2_0,composition_matched,15,-3.082276
scr_1D5E_1_0,scrambled,15,-3.004771
len_1D5E_1_0,length_matched,15,-2.884052
cmp_1D5E_1_0,composition_matched,15,-3.012671
scr_1D5D_1_0,scrambled,15,-3.113018
len_1D5D_1_0,length_matched,15,-2.801130
cmp_1D5D_1_0,composition_matched,15,-2.905279
scr_1D4W_2_0,scrambled,11,-3.008059
len_1D4W_2_0,length_matched,11,-3.095252
cmp_1D4W_2_0,composition_matched,11,-2.963804
scr_1D3D_1_0,scrambled,28,-2.919651
len_1D3D_1_0,length_matched,28,-2.979012
cmp_1D3D_1_0,composition_matched,28,-3.047222
scr_1CYN_2_0,scrambled,11,-2.628463
len_1CYN_2_0,length_matched,11,-2.985028
cmp_1CYN_2_0,composition_matched,11,-3.032596
scr_1CWO_2_0,scrambled,11,-2.588050
len_1CWO_2_0,length_matched,11,-2.966647
cmp_1CWO_2_0,composition_matched,11,-3.229722
scr_1CWM_2_0,scrambled,11,-2.588138
len_1CWM_2_0,length_matched,11,-3.080006
cmp_1CWM_2_0,composition_matched,11,-3.013444
scr_1CWI_2_0,scrambled,11,-2.309057
len_1CWI_2_0,length_matched,11,-2.994127
cmp_1CWI_2_0,composition_matched,11,-3.029349
scr_1DLH_3_0,scrambled,13,-2.968745
len_1DLH_3_0,length_matched,13,-3.172941
cmp_1DLH_3_0,composition_matched,13,-3.097353
scr_1DS5_2_0,scrambled,23,-3.182049
len_1DS5_2_0,length_matched,23,-3.058844
cmp_1DS5_2_0,composition_matched,23,-3.000996
scr_1EFX_3_0,scrambled,9,-2.792345
len_1EFX_3_0,length_matched,9,-3.207153
cmp_1EFX_3_0,composition_matched,9,-3.318238
scr_1EJ4_2_0,scrambled,14,-3.253616
len_1EJ4_2_0,length_matched,14,-3.011000
cmp_1EJ4_2_0,composition_matched,14,-3.155414
scr_1EGP_2_0,scrambled,25,-3.001263
len_1EGP_2_0,length_matched,25,-2.935985
cmp_1EGP_2_0,composition_matched,25,-3.069282
scr_1EG4_1_0,scrambled,15,-3.080916
len_1EG4_1_0,length_matched,15,-2.994715
cmp_1EG4_1_0,composition_matched,15,-3.105754
scr_1EEZ_3_0,scrambled,9,-2.358202
len_1EEZ_3_0,length_matched,9,-2.917024
cmp_1EEZ_3_0,composition_matched,9,-2.912250
scr_1EEY_3_0,scrambled,9,-2.758090
len_1EEY_3_0,length_matched,9,-3.186057
cmp_1EEY_3_0,composition_matched,9,-3.130197
scr_1EE5_2_0,scrambled,19,-2.493709
len_1EE5_2_0,length_matched,19,-2.885819
cmp_1EE5_2_0,composition_matched,19,-3.124023
scr_1EE4_2_0,scrambled,9,-3.091716
len_1EE4_2_0,length_matched,9,-2.751926
cmp_1EE4_2_0,composition_matched,9,-3.242341
scr_1ED3_3_0,scrambled,13,-2.903454
len_1ED3_3_0,length_matched,13,-2.890660
cmp_1ED3_3_0,composition_matched,13,-2.879050
scr_1EBP_2_0,scrambled,20,-3.181847
len_1EBP_2_0,length_matched,20,-3.034177
cmp_1EBP_2_0,composition_matched,20,-2.884232
scr_1EB1_3_0,scrambled,27,-2.982256
len_1EB1_3_0,length_matched,27,-3.011134
cmp_1EB1_3_0,composition_matched,27,-3.203023
scr_1EB1_1_0,scrambled,10,-2.992971
len_1EB1_1_0,length_matched,10,-3.143800
cmp_1EB1_1_0,composition_matched,10,-2.995366
scr_1EAK_2_0,scrambled,8,-2.135185
len_1EAK_2_0,length_matched,8,-2.903335
cmp_1EAK_2_0,composition_matched,8,-3.071792
scr_1E91_2_0,scrambled,13,-3.073419
len_1E91_2_0,length_matched,13,-3.088312
cmp_1E91_2_0,composition_matched,13,-2.965458
scr_1E6I_2_0,scrambled,15,-3.019846
len_1E6I_2_0,length_matched,15,-3.169931
cmp_1E6I_2_0,composition_matched,15,-2.900157
scr_1E54_2_0,scrambled,8,-3.316570
len_1E54_2_0,length_matched,8,-3.046830
cmp_1E54_2_0,composition_matched,8,-3.144932
scr_1E28_3_0,scrambled,8,-3.029408
len_1E28_3_0,length_matched,8,-3.058326
cmp_1E28_3_0,composition_matched,8,-3.182699
scr_1E27_3_0,scrambled,9,-2.983236
len_1E27_3_0,length_matched,9,-3.050255
cmp_1E27_3_0,composition_matched,9,-2.782702
scr_1DY9_2_0,scrambled,16,-2.808081
len_1DY9_2_0,length_matched,16,-2.817125
cmp_1DY9_2_0,composition_matched,16,-2.853957
scr_1DUY_3_0,scrambled,8,-3.084902
len_1DUY_3_0,length_matched,8,-3.300276
cmp_1DUY_3_0,composition_matched,8,-3.393296
scr_1DT7_2_0,scrambled,22,-2.905030
len_1DT7_2_0,length_matched,22,-3.063312
cmp_1DT7_2_0,composition_matched,22,-2.992852
scr_1DPU_2_0,scrambled,16,-2.700252
len_1DPU_2_0,length_matched,16,-3.118883
cmp_1DPU_2_0,composition_matched,16,-3.034893
scr_1F58_3_0,scrambled,23,-2.986194
len_1F58_3_0,length_matched,23,-2.996870
cmp_1F58_3_0,composition_matched,23,-2.981565
scr_1FG2_3_0,scrambled,9,-3.312520
len_1FG2_3_0,length_matched,9,-2.998006
cmp_1FG2_3_0,composition_matched,9,-3.177474
scr_1FFP_3_0,scrambled,9,-3.299049
len_1FFP_3_0,length_matched,9,-3.096482
cmp_1FFP_3_0,composition_matched,9,-3.091807
scr_1FFO_3_0,scrambled,9,-3.328043
len_1FFO_3_0,length_matched,9,-2.994768
cmp_1FFO_3_0,composition_matched,9,-3.047962
scr_1FFN_3_0,scrambled,9,-3.388458
len_1FFN_3_0,length_matched,9,-3.065161
cmp_1FFN_3_0,composition_matched,9,-3.058730
scr_1FF1_2_0,scrambled,11,-2.919754
len_1FF1_2_0,length_matched,11,-3.078298
cmp_1FF1_2_0,composition_matched,11,-2.967151
scr_1FEV_1_0,scrambled,15,-3.035289
len_1FEV_1_0,length_matched,15,-2.922325
cmp_1FEV_1_0,composition_matched,15,-3.011630
scr_1FBV_2_0,scrambled,9,-3.135341
len_1FBV_2_0,length_matched,9,-3.199343
cmp_1FBV_2_0,composition_matched,9,-2.582281
scr_1F96_2_0,scrambled,18,-3.096567
len_1F96_2_0,length_matched,18,-2.963745
cmp_1F96_2_0,composition_matched,18,-3.091362
scr_1F95_2_0,scrambled,9,-3.397408
len_1F95_2_0,length_matched,9,-3.024051
cmp_1F95_2_0,composition_matched,9,-3.098689
scr_1F90_3_0,scrambled,9,-2.947849
len_1F90_3_0,length_matched,9,-3.153909
cmp_1F90_3_0,composition_matched,9,-3.394346
scr_1F8H_2_0,scrambled,11,-2.930605
len_1F8H_2_0,length_matched,11,-3.279849
cmp_1F8H_2_0,composition_matched,11,-3.317101
scr_1F7A_2_0,scrambled,10,-3.058848
len_1F7A_2_0,length_matched,10,-3.144125
cmp_1F7A_2_0,composition_matched,10,-3.311615
scr_1F4V_2_0,scrambled,16,-2.948047
len_1F4V_2_0,length_matched,16,-2.697264
cmp_1F4V_2_0,composition_matched,16,-3.076111
scr_1F47_2_0,scrambled,17,-2.762073
len_1F47_2_0,length_matched,17,-2.865442
cmp_1F47_2_0,composition_matched,17,-3.146626
scr_1F3R_1_0,scrambled,10,-3.181541
len_1F3R_1_0,length_matched,10,-2.390020
cmp_1F3R_1_0,composition_matched,10,-2.944347
scr_1F3J_3_0,scrambled,14,-3.133867
len_1F3J_3_0,length_matched,14,-2.949773
cmp_1F3J_3_0,composition_matched,14,-3.237679
scr_1F2S_2_0,scrambled,28,-3.153504
len_1F2S_2_0,length_matched,28,-2.836234
cmp_1F2S_2_0,composition_matched,28,-3.077362
scr_1ER8_2_0,scrambled,8,-3.081438
len_1ER8_2_0,length_matched,8,-3.015769
cmp_1ER8_2_0,composition_matched,8,-3.471482
scr_1EPM_2_0,scrambled,8,-3.167925
len_1EPM_2_0,length_matched,8,-3.029675
cmp_1EPM_2_0,composition_matched,8,-2.902564
scr_1EMU_2_0,scrambled,16,-2.816242
len_1EMU_2_0,length_matched,16,-2.995290
cmp_1EMU_2_0,composition_matched,16,-3.164321
scr_1ELW_2_0,scrambled,8,-3.109990
len_1ELW_2_0,length_matched,8,-2.990157
cmp_1ELW_2_0,composition_matched,8,-3.076595
scr_1EKB_1_0,scrambled,13,-3.012614
len_1EKB_1_0,length_matched,13,-3.068973
cmp_1EKB_1_0,composition_matched,13,-3.002112
scr_1EJY_1_0,scrambled,16,-2.263430
len_1EJY_1_0,length_matched,16,-3.007116
cmp_1EJY_1_0,composition_matched,16,-3.069372
scr_1EJO_3_0,scrambled,15,-2.930865
len_1EJO_3_0,length_matched,15,-2.883876
cmp_1EJO_3_0,composition_matched,15,-3.037960
scr_1EJH_2_0,scrambled,16,-3.188866
len_1EJH_2_0,length_matched,16,-3.190548
cmp_1EJH_2_0,composition_matched,16,-2.993075
scr_1FLL_2_0,scrambled,21,-3.023454
len_1FLL_2_0,length_matched,21,-3.050997
cmp_1FLL_2_0,composition_matched,21,-3.046950
scr_1G1H_2_0,scrambled,13,-2.970881
len_1G1H_2_0,length_matched,13,-2.932643
cmp_1G1H_2_0,composition_matched,13,-3.013950
scr_1G1F_2_0,scrambled,11,-3.023022
len_1G1F_2_0,length_matched,11,-2.964324
cmp_1G1F_2_0,composition_matched,11,-2.873796
scr_1G1E_1_0,scrambled,16,-2.977617
len_1G1E_1_0,length_matched,16,-2.942107
cmp_1G1E_1_0,composition_matched,16,-2.877851
scr_1G0Y_2_0,scrambled,21,-3.096977
len_1G0Y_2_0,length_matched,21,-2.754975
cmp_1G0Y_2_0,composition_matched,21,-3.054716
scr_1FYN_2_0,scrambled,10,-2.166327
len_1FYN_2_0,length_matched,10,-2.974550
cmp_1FYN_2_0,composition_matched,10,-3.260296
scr_1FV1_3_0,scrambled,20,-3.035292
len_1FV1_3_0,length_matched,20,-2.988123
cmp_1FV1_3_0,composition_matched,20,-2.903746
scr_1FU5_2_0,scrambled,15,-2.901082
len_1FU5_2_0,length_matched,15,-3.171419
cmp_1FU5_2_0,composition_matched,15,-3.044692
scr_1FPT_1_0,scrambled,18,-3.133920
len_1FPT_1_0,length_matched,18,-2.962200
cmp_1FPT_1_0,composition_matched,18,-3.034889
scr_1FPR_2_0,scrambled,10,-2.987383
len_1FPR_2_0,length_matched,10,-3.011282
cmp_1FPR_2_0,composition_matched,10,-3.163626
scr_1FO0_3_0,scrambled,8,-2.985183
len_1FO0_3_0,length_matched,8,-2.793761
cmp_1FO0_3_0,composition_matched,8,-3.376481
scr_1FM9_3_0,scrambled,25,-2.904178
len_1FM9_3_0,length_matched,25,-2.932369
cmp_1FM9_3_0,composition_matched,25,-2.988199
scr_1FJG_22_0,scrambled,26,-2.667920
len_1FJG_22_0,length_matched,26,-3.194462
cmp_1FJG_22_0,composition_matched,26,-3.130673
scr_1FIZ_2_0,scrambled,23,-3.116035
len_1FIZ_2_0,length_matched,23,-2.965602
cmp_1FIZ_2_0,composition_matched,23,-3.018756
scr_1FIW_2_0,scrambled,22,-3.112281
len_1FIW_2_0,length_matched,22,-3.051267
cmp_1FIW_2_0,composition_matched,22,-2.578578
